HouseID,Size (sq ft),Rooms,Price ($),Scaled_Size (sq ft),Scaled_Rooms,Predicted_Price ($)
1,1200,2,150000,-2.1401112373011046,-1.6413890689295378,168319.04190181664
2,2500,3,320000,0.30465555399189714,-0.17586311452816492,357331.147178316
3,1800,3,270000,-1.0117573336274115,-0.17586311452816492,265290.8331278532
4,3000,4,450000,1.2449504737199748,1.289662839873208,441154.32211142936
5,2100,3,310000,-0.447580381790565,-0.17586311452816492,304736.682006623
6,1600,2,190000,-1.3878753015186427,-1.6413890689295378,220913.50707350968
7,2400,3,350000,0.11659657004628163,-0.17586311452816492,344182.5308853928
8,2800,4,420000,0.8688325058287437,1.289662839873208,414857.08952558285
9,1400,2,170000,-1.7639932694098737,-1.6413890689295378,194616.27448766315
10,3200,4,480000,1.6210684416112058,1.289662839873208,467451.55469727586
11,2200,3,310000,-0.25952139784494943,-0.17586311452816492,317885.29829954624
12,2600,3,350000,0.4927145379375127,-0.17586311452816492,370479.7634712393
13,1900,2,220000,-0.823698349681796,-1.6413890689295378,260359.35595227947
14,3100,4,380000,1.4330094576655903,1.289662839873208,454302.93840435264
15,2000,3,290000,-0.6356393657361805,-0.17586311452816492,291588.06571369973
16,1500,2,180000,-1.5759342854642582,-1.6413890689295378,207764.8907805864
17,2300,3,330000,-0.0714624138993339,-0.17586311452816492,331033.9145924695
18,2700,4,400000,0.6807735218831282,1.289662839873208,401708.47323265957
19,1600,2,210000,-1.3878753015186427,-1.6413890689295378,220913.50707350968
20,3300,4,460000,1.8091274255568215,1.289662839873208,480600.17099019914
21,2100,3,330000,-0.447580381790565,-0.17586311452816492,304736.682006623
22,2200,3,350000,-0.25952139784494943,-0.17586311452816492,317885.29829954624
23,2500,4,420000,0.30465555399189714,1.289662839873208,375411.24064681306
24,1800,3,270000,-1.0117573336274115,-0.17586311452816492,265290.8331278532
25,3100,4,400000,1.4330094576655903,1.289662839873208,454302.93840435264
26,2000,3,350000,-0.6356393657361805,-0.17586311452816492,291588.06571369973
27,2900,3,380000,1.0568914897743593,-0.17586311452816492,409925.6123500091
28,1500,4,220000,-1.5759342854642582,1.289662839873208,243925.07771758043
29,2400,3,390000,0.11659657004628163,-0.17586311452816492,344182.5308853928
30,2800,3,440000,0.8688325058287437,-0.17586311452816492,396776.9960570858
31,2200,2,350000,-0.25952139784494943,-1.6413890689295378,299805.20483104925
32,2600,4,380000,0.4927145379375127,1.289662839873208,388559.8569397363
33,1700,3,200000,-1.199816317573027,-0.17586311452816492,252142.21683492995
34,3200,3,460000,1.6210684416112058,-0.17586311452816492,449371.4612287789
35,2500,3,320000,0.30465555399189714,-0.17586311452816492,357331.147178316
36,2100,3,310000,-0.447580381790565,-0.17586311452816492,304736.682006623
37,2000,4,330000,-0.6356393657361805,1.289662839873208,309668.1591821967
38,2400,3,350000,0.11659657004628163,-0.17586311452816492,344182.5308853928
39,2800,3,430000,0.8688325058287437,-0.17586311452816492,396776.9960570858
40,2700,4,410000,0.6807735218831282,1.289662839873208,401708.47323265957
41,2200,3,350000,-0.25952139784494943,-0.17586311452816492,317885.29829954624
42,2500,3,370000,0.30465555399189714,-0.17586311452816492,357331.147178316
43,3000,4,450000,1.2449504737199748,1.289662839873208,441154.32211142936
44,1900,2,230000,-0.823698349681796,-1.6413890689295378,260359.35595227947
45,2400,3,360000,0.11659657004628163,-0.17586311452816492,344182.5308853928
46,3100,4,420000,1.4330094576655903,1.289662839873208,454302.93840435264
47,2700,3,390000,0.6807735218831282,-0.17586311452816492,383628.3797641626
48,1600,2,250000,-1.3878753015186427,-1.6413890689295378,220913.50707350968
49,2800,4,420000,0.8688325058287437,1.289662839873208,414857.08952558285
50,2000,3,340000,-0.6356393657361805,-0.17586311452816492,291588.06571369973
