HouseID,Size (sq ft),Rooms,Price ($)
1,1200,2,150000
2,2500,3,320000
3,1800,3,270000
4,3000,4,450000
5,2100,3,310000
6,1600,2,190000
7,2400,3,350000
8,2800,4,420000
9,1400,2,170000
10,3200,4,480000
11,2200,3,310000
12,2600,3,350000
13,1900,2,220000
14,3100,4,380000
15,2000,3,290000
16,1500,2,180000
17,2300,3,330000
18,2700,4,400000
19,1600,2,210000
20,3300,4,460000
21,2100,3,330000
22,2200,3,350000
23,2500,4,420000
24,1800,3,270000
25,3100,4,400000
26,2000,3,350000
27,2900,3,380000
28,1500,4,220000
29,2400,3,390000
30,2800,3,440000
31,2200,2,350000
32,2600,4,380000
33,1700,3,200000
34,3200,3,460000
35,2500,3,320000
36,2100,3,310000
37,2000,4,330000
38,2400,3,350000
39,2800,3,430000
40,2700,4,410000
41,2200,3,350000
42,2500,3,370000
43,3000,4,450000
44,1900,2,230000
45,2400,3,360000
46,3100,4,420000
47,2700,3,390000
48,1600,2,250000
49,2800,4,420000
50,2000,3,340000
